<?xml version="1.0" encoding="UTF-8"?>
<GenRun Id="impl_1" LaunchPart="xc7a35tcpg236-1" LaunchTime="1733960703">
  <File Type="ROUTE-PWR" Name="Top_mod_design_wrapper_power_routed.rpt"/>
  <File Type="PA-TCL" Name="Top_mod_design_wrapper.tcl"/>
  <File Type="ROUTE-PWR-SUM" Name="Top_mod_design_wrapper_power_summary_routed.pb"/>
  <File Type="REPORTS-TCL" Name="Top_mod_design_wrapper_reports.tcl"/>
  <File Type="OPT-RQA-PB" Name="Top_mod_design_wrapper_rqa_opted.pb"/>
  <File Type="BITSTR-MMI" Name="Top_mod_design_wrapper.mmi"/>
  <File Type="OPT-METHODOLOGY-DRC" Name="Top_mod_design_wrapper_methodology_drc_opted.rpt"/>
  <File Type="INIT-TIMING" Name="Top_mod_design_wrapper_timing_summary_init.rpt"/>
  <File Type="OPT-TIMING" Name="Top_mod_design_wrapper_timing_summary_opted.rpt"/>
  <File Type="OPT-DCP" Name="Top_mod_design_wrapper_opt.dcp"/>
  <File Type="OPT-DRC" Name="Top_mod_design_wrapper_drc_opted.rpt"/>
  <File Type="OPT-HWDEF" Name="Top_mod_design_wrapper.hwdef"/>
  <File Type="PWROPT-DCP" Name="Top_mod_design_wrapper_pwropt.dcp"/>
  <File Type="PWROPT-DRC" Name="Top_mod_design_wrapper_drc_pwropted.rpt"/>
  <File Type="PWROPT-TIMING" Name="Top_mod_design_wrapper_timing_summary_pwropted.rpt"/>
  <File Type="PLACE-DCP" Name="Top_mod_design_wrapper_placed.dcp"/>
  <File Type="PLACE-IO" Name="Top_mod_design_wrapper_io_placed.rpt"/>
  <File Type="PLACE-CLK" Name="Top_mod_design_wrapper_clock_utilization_placed.rpt"/>
  <File Type="PLACE-UTIL" Name="Top_mod_design_wrapper_utilization_placed.rpt"/>
  <File Type="PLACE-UTIL-PB" Name="Top_mod_design_wrapper_utilization_placed.pb"/>
  <File Type="PLACE-CTRL" Name="Top_mod_design_wrapper_control_sets_placed.rpt"/>
  <File Type="PLACE-SIMILARITY" Name="Top_mod_design_wrapper_incremental_reuse_placed.rpt"/>
  <File Type="PLACE-PRE-SIMILARITY" Name="Top_mod_design_wrapper_incremental_reuse_pre_placed.rpt"/>
  <File Type="BG-BIN" Name="Top_mod_design_wrapper.bin"/>
  <File Type="PLACE-TIMING" Name="Top_mod_design_wrapper_timing_summary_placed.rpt"/>
  <File Type="ROUTE-PWR-RPX" Name="Top_mod_design_wrapper_power_routed.rpx"/>
  <File Type="PLACE-RQA-PB" Name="Top_mod_design_wrapper_rqa_placed.pb"/>
  <File Type="POSTPLACE-PWROPT-DCP" Name="Top_mod_design_wrapper_postplace_pwropt.dcp"/>
  <File Type="BITSTR-MSK" Name="Top_mod_design_wrapper.msk"/>
  <File Type="POSTPLACE-PWROPT-TIMING" Name="Top_mod_design_wrapper_timing_summary_postplace_pwropted.rpt"/>
  <File Type="PHYSOPT-DCP" Name="Top_mod_design_wrapper_physopt.dcp"/>
  <File Type="PHYSOPT-DRC" Name="Top_mod_design_wrapper_drc_physopted.rpt"/>
  <File Type="BITSTR-RBT" Name="Top_mod_design_wrapper.rbt"/>
  <File Type="PHYSOPT-TIMING" Name="Top_mod_design_wrapper_timing_summary_physopted.rpt"/>
  <File Type="ROUTE-ERROR-DCP" Name="Top_mod_design_wrapper_routed_error.dcp"/>
  <File Type="ROUTE-DCP" Name="Top_mod_design_wrapper_routed.dcp"/>
  <File Type="ROUTE-BLACKBOX-DCP" Name="Top_mod_design_wrapper_routed_bb.dcp"/>
  <File Type="ROUTE-DRC" Name="Top_mod_design_wrapper_drc_routed.rpt"/>
  <File Type="ROUTE-DRC-PB" Name="Top_mod_design_wrapper_drc_routed.pb"/>
  <File Type="ROUTE-DRC-RPX" Name="Top_mod_design_wrapper_drc_routed.rpx"/>
  <File Type="ROUTE-METHODOLOGY-DRC" Name="Top_mod_design_wrapper_methodology_drc_routed.rpt"/>
  <File Type="ROUTE-METHODOLOGY-DRC-RPX" Name="Top_mod_design_wrapper_methodology_drc_routed.rpx"/>
  <File Type="ROUTE-METHODOLOGY-DRC-PB" Name="Top_mod_design_wrapper_methodology_drc_routed.pb"/>
  <File Type="ROUTE-RQS-PB" Name="Top_mod_design_wrapper_rqs_routed.pb"/>
  <File Type="ROUTE-STATUS" Name="Top_mod_design_wrapper_route_status.rpt"/>
  <File Type="ROUTE-STATUS-PB" Name="Top_mod_design_wrapper_route_status.pb"/>
  <File Type="ROUTE-TIMINGSUMMARY" Name="Top_mod_design_wrapper_timing_summary_routed.rpt"/>
  <File Type="ROUTE-TIMING-PB" Name="Top_mod_design_wrapper_timing_summary_routed.pb"/>
  <File Type="ROUTE-TIMING-RPX" Name="Top_mod_design_wrapper_timing_summary_routed.rpx"/>
  <File Type="ROUTE-SIMILARITY" Name="Top_mod_design_wrapper_incremental_reuse_routed.rpt"/>
  <File Type="ROUTE-CLK" Name="Top_mod_design_wrapper_clock_utilization_routed.rpt"/>
  <File Type="ROUTE-BUS-SKEW" Name="Top_mod_design_wrapper_bus_skew_routed.rpt"/>
  <File Type="ROUTE-BUS-SKEW-PB" Name="Top_mod_design_wrapper_bus_skew_routed.pb"/>
  <File Type="ROUTE-BUS-SKEW-RPX" Name="Top_mod_design_wrapper_bus_skew_routed.rpx"/>
  <File Type="POSTROUTE-PHYSOPT-DCP" Name="Top_mod_design_wrapper_postroute_physopt.dcp"/>
  <File Type="POSTROUTE-PHYSOPT-BLACKBOX-DCP" Name="Top_mod_design_wrapper_postroute_physopt_bb.dcp"/>
  <File Type="POSTROUTE-PHYSOPT-TIMING" Name="Top_mod_design_wrapper_timing_summary_postroute_physopted.rpt"/>
  <File Type="POSTROUTE-PHYSOPT-TIMING-PB" Name="Top_mod_design_wrapper_timing_summary_postroute_physopted.pb"/>
  <File Type="POSTROUTE-PHYSOPT-TIMING-RPX" Name="Top_mod_design_wrapper_timing_summary_postroute_physopted.rpx"/>
  <File Type="POSTROUTE-PHYSOPT-BUS-SKEW" Name="Top_mod_design_wrapper_bus_skew_postroute_physopted.rpt"/>
  <File Type="BG-BIT" Name="Top_mod_design_wrapper.bit"/>
  <File Type="POSTROUTE-PHYSOPT-BUS-SKEW-PB" Name="Top_mod_design_wrapper_bus_skew_postroute_physopted.pb"/>
  <File Type="POSTROUTE-PHYSOPT-BUS-SKEW-RPX" Name="Top_mod_design_wrapper_bus_skew_postroute_physopted.rpx"/>
  <File Type="BITSTR-NKY" Name="Top_mod_design_wrapper.nky"/>
  <File Type="BITSTR-BMM" Name="Top_mod_design_wrapper_bd.bmm"/>
  <File Type="PDI-FILE" Name="Top_mod_design_wrapper.pdi"/>
  <File Type="BOOT-PDI-FILE" Name="Top_mod_design_wrapper_boot.pdi"/>
  <File Type="PL-PDI-FILE" Name="Top_mod_design_wrapper_pld.pdi"/>
  <File Type="RCFI_FILE" Name="Top_mod_design_wrapper.rcfi"/>
  <File Type="CFI_FILE" Name="Top_mod_design_wrapper.cfi"/>
  <File Type="RNPI_FILE" Name="Top_mod_design_wrapper.rnpi"/>
  <File Type="NPI_FILE" Name="Top_mod_design_wrapper.npi"/>
  <File Type="RBD_FILE" Name="Top_mod_design_wrapper.rbd"/>
  <File Type="BITSTR-LTX" Name="debug_nets.ltx"/>
  <File Type="BITSTR-LTX" Name="Top_mod_design_wrapper.ltx"/>
  <File Type="BITSTR-SYSDEF" Name="Top_mod_design_wrapper.sysdef"/>
  <File Type="BG-BGN" Name="Top_mod_design_wrapper.bgn"/>
  <File Type="BG-DRC" Name="Top_mod_design_wrapper.drc"/>
  <File Type="RDI-RDI" Name="Top_mod_design_wrapper.vdi"/>
  <File Type="WBT-USG" Name="usage_statistics_webtalk.html"/>
  <File Type="ROUTE-RQS" Name="Top_mod_design_wrapper_routed.rqs"/>
  <File Type="POSTROUTE-PHYSOPT-RQS" Name="Top_mod_design_wrapper_postroute_physopted.rqs"/>
  <File Type="ROUTE-RQS-RPT" Name="route_report_qor_suggestions_0.rpt"/>
  <File Type="POSTROUTE-PHYSOPT-RQS-RPT" Name="postroute_physopt_report_qor_suggestions_0.rpt"/>
  <FileSet Name="sources" Type="DesignSrcs" RelSrcDir="$PSRCDIR/sources_1" RelGenDir="$PGENDIR/sources_1">
    <Filter Type="Srcs"/>
    <File Path="$PSRCDIR/sources_1/new/Interpretor.vhd">
      <FileInfo>
        <Attr Name="UsedIn" Val="synthesis"/>
        <Attr Name="UsedIn" Val="simulation"/>
      </FileInfo>
    </File>
    <File Path="$PSRCDIR/sources_1/new/Timer.vhd">
      <FileInfo>
        <Attr Name="UsedIn" Val="synthesis"/>
        <Attr Name="UsedIn" Val="simulation"/>
      </FileInfo>
    </File>
    <File Path="$PSRCDIR/sources_1/new/Clock_Divider_prescaler.vhd">
      <FileInfo>
        <Attr Name="UsedIn" Val="synthesis"/>
        <Attr Name="UsedIn" Val="simulation"/>
      </FileInfo>
    </File>
    <File Path="$PSRCDIR/sources_1/new/uart_rx.vhd">
      <FileInfo>
        <Attr Name="UsedIn" Val="synthesis"/>
        <Attr Name="UsedIn" Val="simulation"/>
      </FileInfo>
    </File>
    <File Path="$PSRCDIR/sources_1/new/uart_tx.vhd">
      <FileInfo>
        <Attr Name="UsedIn" Val="synthesis"/>
        <Attr Name="UsedIn" Val="simulation"/>
      </FileInfo>
    </File>
    <File Path="$PSRCDIR/sources_1/new/protocol_fsm.vhd">
      <FileInfo>
        <Attr Name="UsedIn" Val="synthesis"/>
        <Attr Name="UsedIn" Val="simulation"/>
      </FileInfo>
    </File>
    <File Path="$PSRCDIR/sources_1/bd/Top_mod_design/Top_mod_design.bd">
      <FileInfo>
        <Attr Name="UsedIn" Val="synthesis"/>
        <Attr Name="UsedIn" Val="implementation"/>
        <Attr Name="UsedIn" Val="simulation"/>
      </FileInfo>
    </File>
    <File Path="$PGENDIR/sources_1/bd/Top_mod_design/hdl/Top_mod_design_wrapper.vhd">
      <FileInfo>
        <Attr Name="UsedIn" Val="synthesis"/>
        <Attr Name="UsedIn" Val="simulation"/>
      </FileInfo>
    </File>
    <File Path="$PSRCDIR/sources_1/bd/UART/UART.bd">
      <FileInfo>
        <Attr Name="AutoDisabled" Val="1"/>
        <Attr Name="UsedIn" Val="synthesis"/>
        <Attr Name="UsedIn" Val="implementation"/>
        <Attr Name="UsedIn" Val="simulation"/>
      </FileInfo>
    </File>
    <Config>
      <Option Name="DesignMode" Val="RTL"/>
      <Option Name="TopModule" Val="Top_mod_design_wrapper"/>
    </Config>
  </FileSet>
  <FileSet Name="constrs_in" Type="Constrs" RelSrcDir="$PSRCDIR/constrs_1" RelGenDir="$PGENDIR/constrs_1">
    <Filter Type="Constrs"/>
    <File Path="$PSRCDIR/constrs_1/new/connie.xdc">
      <FileInfo>
        <Attr Name="UsedIn" Val="synthesis"/>
        <Attr Name="UsedIn" Val="implementation"/>
      </FileInfo>
    </File>
    <Config>
      <Option Name="TargetConstrsFile" Val="$PSRCDIR/constrs_1/new/connie.xdc"/>
      <Option Name="ConstrsType" Val="XDC"/>
    </Config>
  </FileSet>
  <FileSet Name="utils" Type="Utils" RelSrcDir="$PSRCDIR/utils_1" RelGenDir="$PGENDIR/utils_1">
    <Filter Type="Utils"/>
    <File Path="$PSRCDIR/utils_1/imports/synth_1/Top_modul.dcp">
      <FileInfo>
        <Attr Name="UsedIn" Val="synthesis"/>
        <Attr Name="UsedIn" Val="implementation"/>
        <Attr Name="UsedInSteps" Val="synth_1"/>
        <Attr Name="AutoDcp" Val="1"/>
      </FileInfo>
    </File>
    <Config>
      <Option Name="TopAutoSet" Val="TRUE"/>
    </Config>
  </FileSet>
  <Strategy Version="1" Minor="2">
    <StratHandle Name="Vivado Implementation Defaults" Flow="Vivado Implementation 2024"/>
    <Step Id="init_design"/>
    <Step Id="opt_design"/>
    <Step Id="power_opt_design"/>
    <Step Id="place_design"/>
    <Step Id="post_place_power_opt_design"/>
    <Step Id="phys_opt_design"/>
    <Step Id="route_design"/>
    <Step Id="post_route_phys_opt_design"/>
    <Step Id="write_bitstream"/>
  </Strategy>
  <BlockFileSet Type="BlockSrcs" Name="UART_inst_0_uart_tx_0_0"/>
  <BlockFileSet Type="BlockSrcs" Name="Top_mod_design_Interpretor_0_0"/>
  <BlockFileSet Type="BlockSrcs" Name="UART_inst_0"/>
  <BlockFileSet Type="BlockSrcs" Name="Top_mod_design_clock_divider_presca_0_0"/>
  <BlockFileSet Type="BlockSrcs" Name="Top_mod_design_timer_0_0"/>
  <BlockFileSet Type="BlockSrcs" Name="UART_inst_0_uart_rx_0_0"/>
  <BlockFileSet Type="BlockSrcs" Name="UART_inst_0_protocol_fsm_0_0"/>
</GenRun>
