<?xml version="1.0" encoding="UTF-8"?>
<GenRun Id="Top_mod_design_timer_0_0_synth_1" LaunchPart="xc7a35tcpg236-1" LaunchTime="1733957200">
  <File Type="PA-TCL" Name="Top_mod_design_timer_0_0.tcl"/>
  <File Type="REPORTS-TCL" Name="Top_mod_design_timer_0_0_reports.tcl"/>
  <File Type="RDS-RDS" Name="Top_mod_design_timer_0_0.vds"/>
  <File Type="RDS-UTIL" Name="Top_mod_design_timer_0_0_utilization_synth.rpt"/>
  <File Type="RDS-UTIL-PB" Name="Top_mod_design_timer_0_0_utilization_synth.pb"/>
  <File Type="RDS-DCP" Name="Top_mod_design_timer_0_0.dcp"/>
  <FileSet Name="sources" Type="BlockSrcs" RelSrcDir="$PSRCDIR/Top_mod_design_timer_0_0" RelGenDir="$PGENDIR/Top_mod_design_timer_0_0">
    <File Path="$PSRCDIR/sources_1/bd/Top_mod_design/ip/Top_mod_design_timer_0_0/Top_mod_design_timer_0_0.xci">
      <FileInfo>
        <Attr Name="Library" Val="xil_defaultlib"/>
        <Attr Name="UsedIn" Val="synthesis"/>
        <Attr Name="UsedIn" Val="implementation"/>
        <Attr Name="UsedIn" Val="simulation"/>
      </FileInfo>
    </File>
    <Config>
      <Option Name="TopModule" Val="Top_mod_design_timer_0_0"/>
      <Option Name="UseBlackboxStub" Val="1"/>
    </Config>
  </FileSet>
  <FileSet Name="constrs_in" Type="BlockSrcs" RelSrcDir="$PSRCDIR/Top_mod_design_timer_0_0" RelGenDir="$PGENDIR/Top_mod_design_timer_0_0">
    <File Path="$PSRCDIR/sources_1/bd/Top_mod_design/ip/Top_mod_design_timer_0_0/Top_mod_design_timer_0_0.xci">
      <FileInfo>
        <Attr Name="Library" Val="xil_defaultlib"/>
        <Attr Name="UsedIn" Val="synthesis"/>
        <Attr Name="UsedIn" Val="implementation"/>
        <Attr Name="UsedIn" Val="simulation"/>
      </FileInfo>
    </File>
    <Config>
      <Option Name="TopModule" Val="Top_mod_design_timer_0_0"/>
      <Option Name="UseBlackboxStub" Val="1"/>
    </Config>
  </FileSet>
  <FileSet Name="utils" Type="Utils" RelSrcDir="$PSRCDIR/utils_1" RelGenDir="$PGENDIR/utils_1">
    <Filter Type="Utils"/>
    <File Path="$PSRCDIR/utils_1/imports/synth_1/Top_modul.dcp">
      <FileInfo>
        <Attr Name="UsedIn" Val="synthesis"/>
        <Attr Name="UsedIn" Val="implementation"/>
        <Attr Name="UsedInSteps" Val="synth_1"/>
        <Attr Name="AutoDcp" Val="1"/>
      </FileInfo>
    </File>
    <Config>
      <Option Name="TopAutoSet" Val="TRUE"/>
    </Config>
  </FileSet>
  <Strategy Version="1" Minor="2">
    <StratHandle Name="Vivado Synthesis Defaults" Flow="Vivado Synthesis 2024"/>
    <Step Id="synth_design"/>
  </Strategy>
</GenRun>
