<?xml version="1.0"?>
<Runs Version="1" Minor="0">
	<Run Id="Top_mod_design_Interpretor_0_0_synth_1" LaunchDir="C:/Users/Spyro/Desktop/VIVADO/HELP ME PLS.runs/Top_mod_design_Interpretor_0_0_synth_1" FlowId="Vivado_Synthesis" FromStepId="vivado" ToStepId="vivado"/>
	<Run Id="UART_inst_0_uart_tx_0_0_synth_1" LaunchDir="C:/Users/Spyro/Desktop/VIVADO/HELP ME PLS.runs/UART_inst_0_uart_tx_0_0_synth_1" FlowId="Vivado_Synthesis" FromStepId="vivado" ToStepId="vivado"/>
	<Run Id="UART_inst_0_uart_rx_0_0_synth_1" LaunchDir="C:/Users/Spyro/Desktop/VIVADO/HELP ME PLS.runs/UART_inst_0_uart_rx_0_0_synth_1" FlowId="Vivado_Synthesis" FromStepId="vivado" ToStepId="vivado"/>
	<Run Id="UART_inst_0_protocol_fsm_0_0_synth_1" LaunchDir="C:/Users/Spyro/Desktop/VIVADO/HELP ME PLS.runs/UART_inst_0_protocol_fsm_0_0_synth_1" FlowId="Vivado_Synthesis" FromStepId="vivado" ToStepId="vivado"/>
	<Run Id="Top_mod_design_clock_divider_presca_0_0_synth_1" LaunchDir="C:/Users/Spyro/Desktop/VIVADO/HELP ME PLS.runs/Top_mod_design_clock_divider_presca_0_0_synth_1" FlowId="Vivado_Synthesis" FromStepId="vivado" ToStepId="vivado"/>
	<Run Id="Top_mod_design_timer_0_0_synth_1" LaunchDir="C:/Users/Spyro/Desktop/VIVADO/HELP ME PLS.runs/Top_mod_design_timer_0_0_synth_1" FlowId="Vivado_Synthesis" FromStepId="vivado" ToStepId="vivado"/>
	<Run Id="synth_1" LaunchDir="C:/Users/Spyro/Desktop/VIVADO/HELP ME PLS.runs/synth_1" FlowId="Vivado_Synthesis" FromStepId="vivado" ToStepId="vivado">
		<Parent Id="Top_mod_design_Interpretor_0_0_synth_1"/>
		<Parent Id="UART_inst_0_uart_tx_0_0_synth_1"/>
		<Parent Id="UART_inst_0_uart_rx_0_0_synth_1"/>
		<Parent Id="UART_inst_0_protocol_fsm_0_0_synth_1"/>
		<Parent Id="Top_mod_design_clock_divider_presca_0_0_synth_1"/>
		<Parent Id="Top_mod_design_timer_0_0_synth_1"/>
	</Run>
	<Parameters>
		<Parameter Name="runs.monitorLSFJobs" Val="true" Type="bool"/>
		<Parameter Name="runs.enableClusterConf" Val="true" Type="bool"/>
		<Parameter Name="general.shortenLongPath" Val="true" Type="bool"/>
	</Parameters>
	<ProductInfo Name="vivado"/>
</Runs>

